iter	RMSE
0	0.2834916991
1	0.2813896236
2	0.2806936223
3	0.2785174808
4	0.2772670887
5	0.2757821376
6	0.27519648
7	0.2743948642
8	0.2736268389
9	0.2712888723
